label1,label2,distance
herbal,sweet,0.6213287333026752
onion,savory,0.6621247647691484
medicinal,smoky,0.8325992290558554
almond,bitter,0.8559166942614757
balsamic,honey,0.9500077231999132
alliaceous,onion,1.011364292211185
alliaceous,garlic,1.1322163225849342
geranium,rose,1.1658260358557242
apple,pineapple,1.2366436897150956
alcoholic,fermented,1.2535255874447917
aldehydic,citrus,1.2654743552028676
ethereal,fermented,1.267158313610867
fatty,oily,1.4431626387510894
almond,coumarinic,1.4795206893101829
aromatic,hawthorn,1.4931719582192224
garlic,onion,1.570356209651884
alliaceous,savory,1.6501856638149468
orange,waxy,1.6569713856236976
leathery,smoky,1.7732679361176633
anisic,aromatic,1.8017925864525202
meaty,roasted,1.8497362074820696
rose,violet,1.9082240907614145
cheesy,ripe,1.9283282380914302
garlic,savory,1.940421981413154
floral,rose,1.9681868534699518
bitter,coumarinic,1.9839560303538386
oily,waxy,2.0521029261014867
alcoholic,ethereal,2.097989100859455
camphoreous,spicy,2.100711067330173
banana,pineapple,2.2065656141805117
cinnamon,honey,2.207034420187942
hay,vanilla,2.210711398857799
fresh,jasmin,2.228724751995991
anisic,hawthorn,2.267799998620622
aromatic,hay,2.28353864080362
camphoreous,tobacco,2.29378175692357
floral,honey,2.3613637405195496
tobacco,vanilla,2.419133837487113
apple,banana,2.4234353824278836
fatty,waxy,2.429303778655931
meaty,sulfurous,2.4427906505427748
fruity,green,2.464143942499172
berry,cinnamon,2.5373569266944456
geranium,violet,2.538469961812403
cheesy,pungent,2.5477073570100477
floral,geranium,2.5710168220336405
leathery,medicinal,2.5880310237642883
alcoholic,ripe,2.598939045614956
leathery,phenolic,2.617877282903872
citrus,fresh,2.660587585408893
balsamic,powdery,2.6822088991390016
coumarinic,tobacco,2.6895815922241852
balsamic,floral,2.7621249552879594
aldehydic,waxy,2.775721932173714
balsamic,cinnamon,2.788400652978048
orris,violet,2.8288656931138623
aldehydic,orange,2.860830190651491
cucumber,melon,2.8873883152026023
fruity,winey,2.911700896257931
cinnamon,sweet,2.93654432538494
animal,camphoreous,2.9429313804360318
green,winey,2.9612656976552536
phenolic,smoky,2.976859340184841
cinnamon,herbal,3.0663181031661755
balsamic,woody,3.1130794005137714
coumarinic,vanilla,3.116798827969559
floral,fresh,3.1718348575287743
hawthorn,hay,3.205763823815161
floral,violet,3.2174509266657147
aromatic,vanilla,3.2201722730568796
fermented,ketonic,3.251267891334414
floral,herbal,3.2953607040719017
aldehydic,fresh,3.313302939781175
caramellic,solvent,3.323590252457676
medicinal,phenolic,3.324956250804033
fermented,ripe,3.3332162613041656
alliaceous,cooked,3.3521040289799457
berry,raspberry,3.3531346178569685
ethereal,ketonic,3.359043056593262
cooked,garlic,3.3821146087954883
anisic,cherry,3.394075563154412
savory,sulfurous,3.4108410826193634
coumarinic,hay,3.4123320652910825
aldehydic,oily,3.4125380510224024
honey,powdery,3.4145429184475424
balsamic,spicy,3.448433565105087
roasted,sulfurous,3.44944261108672
nutty,roasted,3.4762278678815126
anisic,hay,3.4783583723970897
powdery,woody,3.505879065291759
coumarinic,spicy,3.5123658159478457
almond,cherry,3.5126957970888166
oily,orange,3.515851886211463
honey,sweet,3.5408306272026033
ethereal,ripe,3.5413056581423077
fresh,rose,3.5650219063438775
camphoreous,coumarinic,3.5716248238608173
herbal,honey,3.5810939189809514
caramellic,ketonic,3.588269961093732
meaty,savory,3.598410942947465
floral,sweet,3.598897006569338
pungent,ripe,3.629346884987072
melon,pear,3.6314060797882606
powdery,spicy,3.654778899855166
apple,winey,3.680223084172656
spicy,tobacco,3.687815006325643
cinnamon,raspberry,3.704947129641839
balsamic,sweet,3.7111009915176276
floral,jasmin,3.7139021138566943
pungent,sulfurous,3.720021913667785
almond,hay,3.7240092296098446
spicy,sweet,3.747482864827959
alcoholic,cheesy,3.7559890922861974
cinnamon,floral,3.762853191526999
fresh,herbal,3.802485458669465
cucumber,oily,3.8278653385884827
citrus,geranium,3.8444028872810962
balsamic,herbal,3.8596482662377585
fresh,geranium,3.866595197195613
honey,rose,3.8822562748256644
honey,raspberry,3.9086665745944194
onion,sulfurous,3.920475771092348
berry,herbal,3.9255546433449027
citrus,waxy,3.9332139863657885
pear,pineapple,3.934092561572489
berry,honey,3.9351057814917043
honey,woody,3.947056843764343
cherry,hay,3.9487055576009396
fatty,orange,3.983534700722865
cinnamon,spicy,4.007070939045663
honey,spicy,4.038759282913265
apple,pear,4.050197872632134
pungent,roasted,4.062965969058818
nutty,pungent,4.069830748480842
spicy,woody,4.07461229981457
animal,woody,4.074703656241974
herbal,jasmin,4.0760359851958015
citrus,orange,4.080413729957571
pineapple,winey,4.082482498531011
cherry,coumarinic,4.098967131083894
cucumber,waxy,4.140983109850614
almond,tobacco,4.142102576647951
berry,sweet,4.15045198480768
jasmin,rose,4.161286830974331
melon,winey,4.16166961788032
aromatic,cherry,4.173486864376343
balsamic,rose,4.187702196760457
almond,vanilla,4.191436238976069
bitter,cherry,4.197167228275633
orris,rose,4.2124242768251285
nutty,ripe,4.216566919529495
meaty,onion,4.226934559304537
floral,woody,4.23021508389769
citrus,rose,4.246685359021662
honey,violet,4.247840661457663
cucumber,fatty,4.253812806454501
cucumber,orange,4.262388811152972
hay,tobacco,4.263019728483851
anisic,vanilla,4.2664361713357595
geranium,orris,4.276868286423004
citrus,oily,4.289832813755654
geranium,honey,4.307883080052302
fresh,sweet,4.308441081644285
herbal,spicy,4.31154755618604
cooked,onion,4.334128947890619
anisic,powdery,4.33603151861322
fresh,green,4.336484345020261
geranium,woody,4.337309531258172
alcoholic,ketonic,4.357030740674155
balsamic,geranium,4.362420360426162
animal,spicy,4.365371652801765
cherry,hawthorn,4.366437427342354
cheesy,ethereal,4.368697195805898
green,jasmin,4.374516336345625
dry,woody,4.390481884508258
berry,floral,4.413365214208624
camphoreous,vanilla,4.422718686367175
almond,spicy,4.452720042116463
bitter,hay,4.459917011925705
bitter,tobacco,4.49670022233729
phenolic,tobacco,4.516127886786218
animal,tobacco,4.516440776663879
pear,winey,4.516803903409738
cheesy,fermented,4.546601205515355
animal,dry,4.554409214416179
aldehydic,fatty,4.568820768940042
nutty,solvent,4.579629854566553
hawthorn,vanilla,4.614188845136352
honey,orris,4.626782921492593
citrus,jasmin,4.629243962163746
phenolic,vanilla,4.636284070977923
apple,fruity,4.653778858342833
cinnamon,powdery,4.6587791283421645
balsamic,violet,4.664756586963936
camphoreous,woody,4.685074112048651
balsamic,raspberry,4.686637027994271
jasmin,sweet,4.693619274597607
meaty,pungent,4.702376001536965
balsamic,orris,4.718485255251805
citrus,floral,4.720730033877803
green,oily,4.7524204416822755
camphoreous,powdery,4.764412457592885
bitter,spicy,4.783325063306796
balsamic,berry,4.807881792447926
bitter,vanilla,4.812278707057996
aromatic,coumarinic,4.846588225112984
caramellic,ripe,4.8467584072049785
burnt,roasted,4.8748084639113
berry,jasmin,4.877942812848459
alliaceous,sulfurous,4.88448801575923
fishy,odorless,4.886840424128675
almond,camphoreous,4.899712549454604
floral,orris,4.9075025980054185
rose,woody,4.939158159276159
cooked,savory,4.94166134742932
anisic,coumarinic,4.961197802673029
geranium,jasmin,4.964029801360116
aldehydic,geranium,4.983246360740427
cheesy,nutty,5.007635757915153
aldehydic,jasmin,5.017498900419629
cherry,cinnamon,5.024100187080767
animal,metallic,5.031079779996349
caramellic,fermented,5.035693562217589
burnt,nutty,5.039036979757471
garlic,meaty,5.045110471450919
raspberry,violet,5.096477060895451
meaty,nutty,5.099453470233867
green,herbal,5.101637502714134
spicy,vanilla,5.123410857973744
floral,raspberry,5.13959824906282
bitter,camphoreous,5.147382154149982
alliaceous,meaty,5.1507654110373915
herbal,rose,5.157659586318397
orris,powdery,5.173644161724426
fruity,herbal,5.1747060896203445
orris,raspberry,5.175651330746287
caramellic,nutty,5.185812912836649
burnt,solvent,5.185883445678778
fresh,oily,5.192684330737453
sweet,woody,5.209269113253137
aromatic,tobacco,5.222424257287545
fruity,jasmin,5.224604185378812
balsamic,camphoreous,5.232569905015906
caramellic,ethereal,5.2636258465078285
aldehydic,rose,5.300855627674781
garlic,sulfurous,5.3090255736879
fresh,honey,5.323389828546245
floral,powdery,5.326025251815132
almond,aromatic,5.336168976134342
fresh,violet,5.351472710057137
almond,anisic,5.364571702825274
cherry,vanilla,5.3773973955825625
cucumber,green,5.388781653631308
aldehydic,cucumber,5.391582204647937
alcoholic,fruity,5.39368330754449
herbal,woody,5.400223609457241
camphoreous,sweet,5.412470433469231
roasted,savory,5.4189853402159
green,melon,5.419806645834953
jasmin,violet,5.4240175208104855
ketonic,ripe,5.431746005092005
fermented,fruity,5.438221216476302
cheesy,sulfurous,5.448869480169209
alcoholic,caramellic,5.465563419274159
cherry,spicy,5.476950522255566
citrus,fatty,5.48872975075436
fruity,sweet,5.4939419235972435
burnt,fishy,5.4975108303086415
fruity,pineapple,5.500492116606728
green,sweet,5.500809121139018
floral,spicy,5.501565048493216
rose,sweet,5.5099715203815425
anisic,spicy,5.525263566413134
nutty,sulfurous,5.541194309034467
cinnamon,rose,5.5478274390149895
aromatic,powdery,5.589125358214965
balsamic,fresh,5.59521363472547
cucumber,winey,5.608471619009411
honey,jasmin,5.6223467936550495
geranium,herbal,5.628642897488193
anisic,tobacco,5.6543941901201
fresh,waxy,5.664939710395481
cinnamon,woody,5.68058858959373
animal,powdery,5.702251812687707
orris,woody,5.727934678100861
powdery,tobacco,5.73124612397229
banana,pear,5.777344969576981
cinnamon,jasmin,5.78501620020175
aldehydic,green,5.807287910547684
berry,rose,5.81994170092076
aldehydic,floral,5.825304496933743
fatty,green,5.8516680918965776
violet,woody,5.880992095472937
fresh,fruity,5.88320543012778
powdery,raspberry,5.897783713097328
alcoholic,winey,5.905561102403059
banana,winey,5.906627398658396
burnt,odorless,5.908851286818192
geranium,sweet,5.912528830781554
powdery,sweet,5.9133668319120885
fresh,orange,5.917902286370121
raspberry,rose,5.918876663505627
almond,cinnamon,5.927118802092033
cinnamon,violet,5.931515211346947
cinnamon,coumarinic,5.938796683936987
citrus,green,5.953330904046664
camphoreous,honey,5.963721307792283
coumarinic,powdery,5.968813897005687
camphoreous,hay,5.976492951826811
camphoreous,herbal,5.984727565502781
fresh,woody,5.995905789669405
berry,violet,5.997427824270957
cherry,powdery,6.003038124157838
hay,spicy,6.009201773077129
citrus,herbal,6.012822602997066
coumarinic,hawthorn,6.020206738103371
cinnamon,fresh,6.030446618754503
citrus,violet,6.044722447504365
berry,fresh,6.050404797389205
onion,roasted,6.056349948218487
powdery,vanilla,6.062597506206535
alcoholic,pungent,6.063393157805406
citrus,woody,6.073574720154176
camphoreous,cinnamon,6.105228658763019
melon,oily,6.120906668600073
anisic,balsamic,6.1209151621367575
apple,green,6.156070495293143
aromatic,bitter,6.172143701189568
camphoreous,phenolic,6.182535556012626
cinnamon,geranium,6.184814124347554
anisic,cinnamon,6.211145081912247
balsamic,jasmin,6.2143348010272685
anisic,bitter,6.216059628038383
metallic,oily,6.221053651150158
geranium,powdery,6.229277096304282
herbal,powdery,6.22947113574599
metallic,woody,6.23197345954278
bitter,cinnamon,6.234034535899016
coumarinic,sweet,6.23571670851712
almond,hawthorn,6.236272644298816
cheesy,roasted,6.238970867240902
animal,balsamic,6.245304076816264
cherry,tobacco,6.24625576941573
aromatic,spicy,6.250300092297087
herbal,raspberry,6.261777068313414
camphoreous,metallic,6.266493062486376
fermented,winey,6.296662622926085
apple,melon,6.30068185502623
anisic,camphoreous,6.311378806292952
cherry,raspberry,6.3236037891989865
powdery,rose,6.3409423056399286
raspberry,sweet,6.358703142144151
burnt,meaty,6.374322558634353
citrus,sweet,6.3818525559080115
cherry,honey,6.384533815626845
citrus,metallic,6.3898264324845435
green,waxy,6.39879098208413
powdery,violet,6.398893775811306
alcoholic,green,6.413695549467612
bitter,sweet,6.425441935222724
almond,sweet,6.4267103786189494
herbal,violet,6.427335001109641
balsamic,cherry,6.429779745583063
anisic,honey,6.431179790567747
melon,pineapple,6.447633005524202
berry,spicy,6.453994807226311
leathery,tobacco,6.472186134637493
animal,coumarinic,6.475995119151317
citrus,cucumber,6.481355857260849
jasmin,winey,6.484246773708595
caramellic,cheesy,6.484676437628819
balsamic,coumarinic,6.487920813807808
banana,fruity,6.488981708446777
ripe,sulfurous,6.495478530831295
ripe,roasted,6.496741277723435
aromatic,camphoreous,6.499250242631935
hawthorn,powdery,6.500461438206917
alcoholic,nutty,6.504880714563296
cucumber,pear,6.5075278660160985
cinnamon,orris,6.5125518440277945
ripe,solvent,6.517247964936416
oily,winey,6.5180574257116435
berry,cherry,6.522885293814451
ethereal,fruity,6.5281838430707815
animal,phenolic,6.53505487138921
ethereal,pungent,6.539552972540541
animal,vanilla,6.54045630858186
fatty,metallic,6.555057813854246
hay,phenolic,6.592859444124339
jasmin,oily,6.5967314722675185
fruity,melon,6.603274185231284
fatty,melon,6.609229568665614
metallic,sweet,6.609727934730037
fatty,fresh,6.611876244171404
dry,powdery,6.6264712541595765
tobacco,woody,6.644194217583942
hawthorn,tobacco,6.68305847357806
hay,powdery,6.683259427838716
cucumber,fresh,6.685872074615683
camphoreous,cherry,6.72591669134466
sweet,violet,6.737854860881132
fermented,pungent,6.759555240809746
bitter,caramellic,6.767175678173591
herbal,metallic,6.776468121229529
geranium,raspberry,6.782111315346165
apple,fermented,6.786318359479074
berry,geranium,6.791425753354678
ketonic,solvent,6.804240892663743
metallic,spicy,6.813041408384809
animal,leathery,6.817750984342793
fermented,pineapple,6.819692251454585
coumarinic,phenolic,6.819948642284872
pungent,savory,6.820569827312136
fresh,metallic,6.822195933496977
aldehydic,metallic,6.823775536201805
green,pineapple,6.83188806852301
coumarinic,herbal,6.838356927805088
balsamic,tobacco,6.840395516903034
fruity,ketonic,6.846220175486421
berry,fruity,6.856074409467861
aldehydic,herbal,6.858494028455259
almond,powdery,6.859126929982577
floral,green,6.863283818462518
coumarinic,honey,6.870258756141547
balsamic,citrus,6.872502312766804
garlic,roasted,6.873669803605113
citrus,honey,6.875122618452753
animal,sweet,6.8804087561018425
fermented,green,6.885853048210588
fruity,pear,6.8986412690999535
cheesy,meaty,6.898921460190564
melon,waxy,6.907322756490844
cheesy,ketonic,6.91316908591743
berry,powdery,6.9337454587138225
anisic,raspberry,6.9338592951416596
cucumber,jasmin,6.943993816806955
alcoholic,pineapple,6.953226406462002
camphoreous,dry,6.982729397777841
bitter,herbal,6.98496718021136
alcoholic,apple,6.98832757638093
almond,herbal,6.991212179025009
alliaceous,roasted,6.995018546519886
roasted,solvent,7.0073006310895405
green,pear,7.015790870284527
leathery,vanilla,7.030582865618509
jasmin,raspberry,7.031843583159529
aldehydic,violet,7.033784495509695
cherry,sweet,7.041475657535763
fresh,winey,7.04644104828868
melon,orange,7.0470620466108
banana,fermented,7.051293273763725
banana,ethereal,7.056815177072824
ethereal,pineapple,7.060861351097982
bitter,hawthorn,7.065862313586936
caramellic,pungent,7.0691961111117525
almond,balsamic,7.077869934126213
fermented,nutty,7.083271272047905
pungent,solvent,7.1148179946175505
animal,honey,7.121030590535184
jasmin,waxy,7.13781621512935
jasmin,orange,7.1432476094458766
ethereal,winey,7.155900894802463
raspberry,spicy,7.187428764509152
apple,ethereal,7.19073028902545
fruity,oily,7.198850827129842
sweet,tobacco,7.1994988789665575
camphoreous,floral,7.20362070879302
geranium,spicy,7.205897811757515
rose,spicy,7.209750285342979
green,orange,7.22743282421805
green,metallic,7.240979625810434
fresh,spicy,7.248029929069522
berry,orris,7.25138538477917
fatty,winey,7.256416060278484
aldehydic,sweet,7.261746345403142
almond,honey,7.278536094526272
metallic,waxy,7.290006006158643
aldehydic,woody,7.299018147309981
dry,metallic,7.310256368848354
animal,herbal,7.314156638321184
aromatic,phenolic,7.333096500821636
cinnamon,tobacco,7.341515255634654
dry,geranium,7.37628982984254
onion,pungent,7.3807184715260705
fishy,roasted,7.3807281150719755
balsamic,dry,7.38270521772405
ethereal,nutty,7.40313738444752
jasmin,melon,7.4126846676597555
cucumber,fruity,7.418924908212429
smoky,tobacco,7.4249181720366675
coumarinic,woody,7.448888624670405
cherry,herbal,7.456948495645614
hawthorn,spicy,7.4752974046378915
bitter,powdery,7.496816429124141
balsamic,bitter,7.50773632517518
honey,tobacco,7.519954308803888
jasmin,woody,7.527325342343332
meaty,ripe,7.528836016482583
geranium,orange,7.5311944927761605
smoky,vanilla,7.531922898088843
camphoreous,leathery,7.532577289709487
aromatic,balsamic,7.544370807898203
alcoholic,banana,7.545961880535163
bitter,ketonic,7.559735778113489
dry,spicy,7.559987911984585
cinnamon,fruity,7.563535326607045
berry,green,7.566361140664201
almond,caramellic,7.596868882721643
fishy,meaty,7.611158513970067
floral,fruity,7.618448394625846
herbal,winey,7.63473961693274
fruity,ripe,7.647802981325067
anisic,woody,7.652988866271462
aromatic,cinnamon,7.661176600544965
fresh,orris,7.664418631967647
aldehydic,melon,7.666295565387515
raspberry,woody,7.6676092103068525
bitter,honey,7.679993857677461
berry,woody,7.6814842235197744
cheesy,solvent,7.702796605907335
balsamic,vanilla,7.71032929607922
geranium,waxy,7.728800941212847
animal,floral,7.738539882778359
almond,berry,7.76158960743705
medicinal,vanilla,7.761791569946292
burnt,pungent,7.791921691548002
green,rose,7.792302486065359
herbal,tobacco,7.805892461895335
medicinal,tobacco,7.8307031545166295
almond,animal,7.83740732105564
orange,rose,7.840512872042328
cinnamon,hay,7.8419904609461355
fresh,raspberry,7.849021409339006
herbal,oily,7.850098368003358
herbal,orris,7.852404671409654
floral,metallic,7.864982518977383
fresh,melon,7.900913745186339
ketonic,nutty,7.908804341602652
camphoreous,hawthorn,7.919510000848397
fermented,solvent,7.9363386201797255
berry,bitter,7.937246499299516
aromatic,honey,7.954745750795749
cinnamon,green,7.961845122369074
orris,sweet,7.963005520526692
metallic,nutty,7.977122822661159
jasmin,orris,7.9784724543915075
orris,spicy,7.981065004552912
phenolic,spicy,7.9859212616814235
cinnamon,vanilla,7.989306075815514
caramellic,coumarinic,7.997035460983133
ethereal,solvent,7.997167296751009
animal,cinnamon,8.000880527711686
citrus,fruity,8.013953781175594
sweet,winey,8.019596206652018
fatty,jasmin,8.034225350087928
aldehydic,honey,8.035802586360953
vanilla,woody,8.037332220588501
balsamic,metallic,8.041495350837833
burnt,caramellic,8.042572391465859
ethereal,green,8.043992315364877
geranium,oily,8.0462711419142
spicy,violet,8.04949292419064
almond,phenolic,8.0553386154554
aldehydic,fruity,8.056110698799088
animal,bitter,8.057450306887832
rose,waxy,8.075367427688139
aldehydic,balsamic,8.078182213778161
alcoholic,solvent,8.095011027889186
berry,coumarinic,8.098582111850371
ripe,winey,8.10543903426886
fresh,powdery,8.11470185320605
jasmin,spicy,8.115446558825946
citrus,orris,8.120760762286977
cinnamon,citrus,8.122768935758483
waxy,winey,8.154343879775407
balsamic,hay,8.169467846245873
floral,oily,8.173233158125688
geranium,green,8.178808408516074
oily,sweet,8.186153776319589
aldehydic,winey,8.187163358806142
green,ripe,8.208580896225982
animal,geranium,8.20910800824208
cooked,sulfurous,8.211151777426892
anisic,sweet,8.216617327057456
bitter,solvent,8.219790076069067
anisic,berry,8.225996169243103
fatty,fruity,8.228212983065566
dry,honey,8.241182991311758
oily,rose,8.251305961809273
metallic,tobacco,8.258901190019296
geranium,metallic,8.259582435078777
cinnamon,hawthorn,8.290263400240326
banana,ketonic,8.29882378306975
honey,vanilla,8.306046901868115
burnt,sulfurous,8.322812114065576
dry,floral,8.324761275901729
banana,green,8.325544866250528
green,honey,8.345285238539239
bitter,phenolic,8.352891197043297
almond,ketonic,8.360333149790504
animal,anisic,8.366429099535841
citrus,dry,8.370162932522554
dry,rose,8.374187910383805
alliaceous,pungent,8.374921182054994
caramellic,roasted,8.376145643312732
cooked,meaty,8.381332104313035
dry,orris,8.386421614326196
balsamic,hawthorn,8.387168793972728
anisic,orris,8.388392252611808
dry,tobacco,8.426255072504086
animal,hay,8.432445322382014
nutty,savory,8.454667015607157
animal,smoky,8.464857116825947
apple,ketonic,8.47190344068762
floral,waxy,8.476761523650476
almond,woody,8.48601042302108
citrus,spicy,8.49472788478172
berry,citrus,8.497970354108652
anisic,phenolic,8.509219066167278
ketonic,pungent,8.515986555645952
apple,jasmin,8.518084552725256
berry,camphoreous,8.527302817765674
camphoreous,geranium,8.529890787730146
banana,melon,8.543849327454977
citrus,melon,8.544533877409867
honey,metallic,8.551667881906315
animal,aromatic,8.557974513194901
hay,honey,8.56093793244154
cherry,floral,8.569114640097554
fruity,honey,8.579200870740944
camphoreous,fresh,8.58559475724846
citrus,winey,8.58597288414625
floral,orange,8.58943808013444
hawthorn,phenolic,8.621561063148777
ketonic,winey,8.631078701700982
apple,cucumber,8.632683616912237
balsamic,green,8.647639736430632
sweet,vanilla,8.648118024143235
anisic,herbal,8.649450383897548
aromatic,woody,8.654678476579157
animal,citrus,8.659404549545497
metallic,orange,8.65962237262237
coumarinic,floral,8.664327796488458
ketonic,sweet,8.6739748751047
hawthorn,honey,8.681404117947505
fruity,metallic,8.684928223223084
cherry,woody,8.701619514011428
aromatic,raspberry,8.702690430069786
almond,raspberry,8.705351799722434
animal,fresh,8.711423904823333
garlic,pungent,8.715757125325764
green,ketonic,8.727956277256256
cheesy,savory,8.729932862108383
alcoholic,sulfurous,8.734822307001462
alcoholic,sweet,8.748764202934598
fermented,sweet,8.752869691113565
camphoreous,rose,8.753562246452459
jasmin,metallic,8.757675474767469
ketonic,pineapple,8.77072446058955
anisic,floral,8.774635105616786
metallic,rose,8.77638412098313
alcoholic,herbal,8.780035703372723
hawthorn,raspberry,8.781894673943304
cheesy,winey,8.785580663721264
caramellic,fruity,8.785869487925666
animal,rose,8.801442026177398
fermented,herbal,8.8043799918693
coumarinic,raspberry,8.828459626777049
camphoreous,smoky,8.834213744980941
meaty,solvent,8.844917579980951
bitter,woody,8.857082964542995
fruity,waxy,8.857878397370358
orange,winey,8.870802981282024
herbal,ketonic,8.873030054539798
fruity,rose,8.88876011490839
jasmin,powdery,8.889399980026768
cheesy,fruity,8.897552776458358
cucumber,pineapple,8.900652147395945
green,spicy,8.905683202385465
herbal,waxy,8.91519506876133
metallic,ripe,8.926043951431648
fruity,spicy,8.931344421134702
almond,solvent,8.957331005373563
camphoreous,caramellic,8.959378389864757
citrus,powdery,8.966166472379678
balsamic,fruity,8.999293144153416
jasmin,pear,9.013549529185308
burnt,ripe,9.02781114839321
coumarinic,leathery,9.031384073509738
phenolic,powdery,9.034887173987574
alcoholic,roasted,9.04024229328011
dry,leathery,9.047322370064837
coumarinic,solvent,9.047853291930931
caramellic,tobacco,9.048292658971233
nutty,onion,9.053870311732961
hay,sweet,9.058991001907454
almond,floral,9.073354638827253
caramellic,sweet,9.076950454552067
hay,leathery,9.09036980300002
metallic,powdery,9.093797637574918
fatty,herbal,9.129742410299526
floral,tobacco,9.131868685671622
dry,violet,9.14182399176395
cinnamon,metallic,9.147437625941738
aldehydic,cinnamon,9.148422676619072
coumarinic,ketonic,9.160296402395154
alcoholic,metallic,9.174315442299521
bitter,raspberry,9.178093854550085
animal,medicinal,9.183000971554696
cheesy,onion,9.206620305219857
camphoreous,raspberry,9.215700192191774
green,woody,9.220251948825966
coumarinic,metallic,9.22063730504643
hay,woody,9.235944896033791
herbal,vanilla,9.237924033306426
caramellic,spicy,9.244834260863946
aldehydic,orris,9.24577685403099
sweet,waxy,9.285224651238808
fatty,geranium,9.296417649304983
oily,woody,9.308930408562187
cheesy,green,9.314939619950135
aldehydic,berry,9.322101391966564
bitter,floral,9.3240113993275
berry,winey,9.336134024590196
aromatic,sweet,9.341602074548629
dry,sweet,9.364803386042315
oily,pear,9.365999586395377
aldehydic,dry,9.366112167516121
orange,violet,9.376454891554975
solvent,tobacco,9.377126104282542
hay,smoky,9.378389176092977
camphoreous,medicinal,9.379517395920667
pineapple,ripe,9.39093057758576
camphoreous,citrus,9.40457401782357
fatty,sweet,9.423930408528923
animal,cherry,9.42861871465972
green,violet,9.430254676169278
camphoreous,orris,9.445698079819694
dry,fresh,9.446901988279079
caramellic,herbal,9.450952244893033
fishy,nutty,9.469162841482778
fruity,geranium,9.47975278630286
hay,medicinal,9.486957927382344
leathery,spicy,9.496527684917524
herbal,orange,9.519975264429444
apple,ripe,9.526100391513124
floral,winey,9.529013435108288
fatty,floral,9.531715019067756
dry,phenolic,9.53477938052817
alcoholic,oily,9.536373855541227
fishy,garlic,9.548021079885238
waxy,woody,9.550380108875665
jasmin,pineapple,9.552365586976478
aromatic,leathery,9.557479063347305
dry,herbal,9.57741878883688
burnt,cheesy,9.578283807777298
fatty,rose,9.58387216656071
aldehydic,spicy,9.587143072672172
apple,herbal,9.60000379998031
fishy,savory,9.603551106328908
cherry,orris,9.604488786404549
cucumber,herbal,9.613497230992706
hay,raspberry,9.614820429914369
hay,herbal,9.616245309282519
fruity,orange,9.616735981917122
animal,orris,9.617256838216294
solvent,sulfurous,9.643038257200176
cucumber,rose,9.651317634580511
aldehydic,animal,9.652916064813779
bitter,fermented,9.661131770006898
alcoholic,pear,9.661202450461959
camphoreous,violet,9.704610348411144
fermented,sulfurous,9.71774606712899
cheesy,pineapple,9.725894061224183
alcoholic,melon,9.729315547793881
bitter,fruity,9.734754561285953
phenolic,woody,9.746096648416948
citrus,raspberry,9.748661823596636
metallic,winey,9.75226074271722
caramellic,metallic,9.753620971258218
ethereal,sulfurous,9.75684564644594
aromatic,berry,9.759602957952705
apple,fresh,9.765260593497736
camphoreous,jasmin,9.765858949890035
camphoreous,solvent,9.765936089761375
berry,tobacco,9.774047188134546
fermented,roasted,9.7764748956748
hawthorn,woody,9.779823626354133
dry,vanilla,9.781104722162377
coumarinic,smoky,9.785496321665233
burnt,savory,9.786155698698398
violet,waxy,9.79392777476619
cucumber,geranium,9.79622984718461
cucumber,floral,9.816534542417386
anisic,violet,9.83386463115889
aromatic,herbal,9.837600620792703
ethereal,roasted,9.86548435425623
cucumber,metallic,9.879821828392906
fermented,pear,9.890486011959851
ripe,savory,9.891968518527836
alcoholic,fatty,9.89266747050984
camphoreous,nutty,9.907818045387721
fatty,pear,9.914503116193341
animal,violet,9.914640387915691
berry,hay,9.927712523505237
fermented,metallic,9.931020225120909
aromatic,smoky,9.942081212736078
orange,sweet,9.94826236882175
apple,sweet,9.959085557582211
ethereal,sweet,9.95980440303954
camphoreous,green,9.962771898677438
bitter,metallic,9.965259759654385
caramellic,green,9.974720289108824
cherry,phenolic,9.983511817974582
odorless,solvent,9.992745961127852
animal,hawthorn,9.99435188206775
alcoholic,meaty,10.000751558794288
ripe,sweet,10.00195126786251
banana,ripe,10.003850771110445
aromatic,orris,10.005846057803339
alliaceous,nutty,10.007824028067528
cinnamon,dry,10.012239897252467
ethereal,herbal,10.020168168893461
fishy,onion,10.021153883464423
orange,woody,10.02284769300978
ketonic,spicy,10.025040387548755
metallic,roasted,10.0399665860937
fishy,sulfurous,10.050977419320752
caramellic,meaty,10.054883350224816
apple,berry,10.064818048549697
coumarinic,medicinal,10.070367717601973
odorless,roasted,10.072044588082417
anisic,rose,10.075618629914464
garlic,nutty,10.078652083294157
caramellic,sulfurous,10.08197849547226
oily,violet,10.09004554941111
apple,cheesy,10.092274030283745
cucumber,sweet,10.10256561467496
herbal,melon,10.113814154121876
fruity,raspberry,10.116310701361282
almond,metallic,10.120689215802535
aromatic,medicinal,10.125294842659132
cinnamon,ketonic,10.125305101456037
fresh,pear,10.131207253986032
honey,oily,10.137481505849793
almond,fruity,10.13978734908323
camphoreous,fruity,10.14168129566783
alliaceous,cheesy,10.14493193298063
balsamic,oily,10.145167353174068
herbal,ripe,10.145832173304859
berry,hawthorn,10.146641051685219
apple,oily,10.14987890925272
alcoholic,bitter,10.162001882674605
cheesy,metallic,10.173441282816617
alcoholic,fresh,10.17620636414257
raspberry,tobacco,10.190226655347054
fruity,woody,10.198659605551496
raspberry,vanilla,10.202313127277442
cherry,violet,10.202963909630611
cinnamon,winey,10.214525545693835
aldehydic,powdery,10.218286747940674
cooked,roasted,10.222647551816186
cherry,rose,10.223649939553264
anisic,geranium,10.244560105639875
aromatic,floral,10.254385021610059
alcoholic,jasmin,10.275009085368067
fruity,violet,10.27787221308464
hawthorn,sweet,10.284827571380381
anisic,dry,10.285604611250927
coumarinic,dry,10.29014031401971
berry,ketonic,10.291214973850437
floral,vanilla,10.297524108725318
fermented,melon,10.303701373213924
bitter,nutty,10.304445043707922
fatty,woody,10.324771602754419
animal,berry,10.326140945439084
leathery,powdery,10.330606238698605
animal,nutty,10.338419615931722
coumarinic,fresh,10.350411079963317
berry,vanilla,10.352488010867043
almond,leathery,10.359710537550717
ethereal,pear,10.375108526747658
leathery,woody,10.375250350882075
rose,winey,10.384554907114726
oily,ripe,10.395664526864785
hawthorn,orris,10.396590869052602
almond,fermented,10.398657343912761
burnt,onion,10.400538236359507
onion,ripe,10.402083138132767
pear,waxy,10.405099434520626
animal,jasmin,10.407182186963958
bitter,ethereal,10.415438633643836
banana,cheesy,10.42522129183398
fermented,oily,10.431978195330744
alliaceous,fishy,10.440483249893523
fermented,jasmin,10.445579200849455
aldehydic,camphoreous,10.446341577367651
coumarinic,fruity,10.450539946777278
nutty,tobacco,10.460667199743359
coumarinic,rose,10.474709178107062
camphoreous,ketonic,10.475543207515573
caramellic,vanilla,10.476211089996609
green,raspberry,10.484517848245579
fatty,ripe,10.491934846286059
animal,oily,10.4935668840657
fruity,nutty,10.510147763650131
alcoholic,cucumber,10.510151121839584
metallic,violet,10.525334606254823
oily,pineapple,10.528649028257968
fermented,fresh,10.546916156822553
animal,green,10.550905802938338
geranium,tobacco,10.553501757536495
orange,pear,10.569644418885739
green,nutty,10.577572323268894
anisic,leathery,10.57923060830776
caramellic,winey,10.588487744504931
metallic,sulfurous,10.588683282281107
herbal,pineapple,10.589056084450542
bitter,ripe,10.595749213716864
coumarinic,geranium,10.604901476770676
balsamic,waxy,10.609251067872348
metallic,vanilla,10.612346305935478
honey,waxy,10.614256283872976
bitter,leathery,10.61466680900161
melon,sweet,10.6216232783649
banana,jasmin,10.65429506626245
berry,metallic,10.66482088559272
fishy,solvent,10.665982843536039
cheesy,garlic,10.66843856194465
fresh,pineapple,10.668651890266352
metallic,solvent,10.68176482617211
cherry,geranium,10.682216134291192
oily,spicy,10.685711313514073
solvent,spicy,10.686640418960115
coumarinic,nutty,10.688521446460955
cherry,ketonic,10.69188544520136
almond,fresh,10.699836909766933
dry,smoky,10.70678481679228
bitter,fresh,10.717669149178361
rose,tobacco,10.718619827926817
metallic,pungent,10.718763099421079
cinnamon,oily,10.725468457297403
cherry,jasmin,10.73428721799697
smoky,spicy,10.741998953254521
metallic,phenolic,10.742095619187985
meaty,metallic,10.742471020212193
hawthorn,herbal,10.742596952186407
solvent,vanilla,10.743554777266025
caramellic,cinnamon,10.745148784614122
fresh,tobacco,10.74528200760423
coumarinic,orris,10.746028535043587
floral,hay,10.747707514917344
caramellic,cherry,10.750114233847892
aldehydic,raspberry,10.75927177010074
burnt,garlic,10.76416649288824
balsamic,phenolic,10.773096282058292
aldehydic,pear,10.777971088322346
phenolic,solvent,10.78116174103816
bitter,green,10.782991372055028
animal,caramellic,10.784183638057408
fermented,spicy,10.790606692421317
aromatic,dry,10.79148380306197
leathery,metallic,10.801650625803108
animal,raspberry,10.813703965668834
alcoholic,spicy,10.817788456572087
orris,tobacco,10.829096878608322
burnt,phenolic,10.836925936780725
caramellic,hay,10.839779495163162
floral,melon,10.844106516028864
coumarinic,jasmin,10.85312024649576
hawthorn,leathery,10.853888597553517
honey,orange,10.85593469360982
nutty,sweet,10.85761821050299
nutty,spicy,10.859081822747182
fermented,meaty,10.86134349728882
alcoholic,almond,10.872264367794585
berry,oily,10.877946648209848
coumarinic,fermented,10.878297956314997
ketonic,tobacco,10.889239851988885
geranium,winey,10.8903576139965
berry,fermented,10.891303582639505
cinnamon,fermented,10.891883102408773
fatty,fermented,10.898041469771757
apple,fatty,10.905150219905597
almond,jasmin,10.918924698243435
bitter,jasmin,10.92015564569657
burnt,leathery,10.920314564731541
balsamic,orange,10.92686864735993
cherry,fresh,10.928460327300487
pineapple,sweet,10.928967086090351
ethereal,meaty,10.930402723005413
honey,winey,10.93140101941668
nutty,odorless,10.946811217523656
almond,rose,10.953002281369802
melon,rose,10.958865976588854
almond,nutty,10.961904234138306
cheesy,fatty,10.973136259659867
banana,cucumber,10.978227471853856
dry,waxy,10.981197067821302
ketonic,roasted,10.983424985541053
almond,smoky,11.002889263267436
meaty,odorless,11.012372359271426
burnt,metallic,11.031719578249932
floral,hawthorn,11.031771597923422
ethereal,metallic,11.061841831601805
ethereal,melon,11.085373835685512
ketonic,metallic,11.086915529222397
cheesy,oily,11.090490131351412
coumarinic,green,11.090759451606553
coumarinic,violet,11.096538148914393
almond,green,11.098221904119034
green,powdery,11.102042889249834
hawthorn,smoky,11.113111834681833
alcoholic,camphoreous,11.124832847659313
alcoholic,cinnamon,11.125587012528506
fruity,pungent,11.127431686982995
animal,fatty,11.138389228736342
fatty,pineapple,11.141579859825772
animal,waxy,11.150041167985412
pungent,winey,11.1512589183163
burnt,tobacco,11.16076731419669
camphoreous,ripe,11.16970228349832
dry,oily,11.170923568771789
orris,vanilla,11.177872801369878
herbal,nutty,11.178841793841753
medicinal,odorless,11.184074802958934
almond,ethereal,11.18875067858008
anisic,smoky,11.192804302636334
cherry,fruity,11.194429076363079
alcoholic,coumarinic,11.1965437200292
camphoreous,fermented,11.202267909293502
animal,solvent,11.203856294555745
cucumber,violet,11.204162723488784
alliaceous,burnt,11.218129453652873
alcoholic,berry,11.218857547446225
camphoreous,oily,11.219449342052629
almond,medicinal,11.222507897624238
almond,geranium,11.227514382370021
hawthorn,medicinal,11.235693597003856
bitter,rose,11.242546670207554
berry,pineapple,11.2534106852622
medicinal,spicy,11.257692041763876
bitter,smoky,11.260582042105844
cucumber,fermented,11.268921370513679
fishy,pungent,11.27500446854783
banana,herbal,11.293005757486963
alcoholic,burnt,11.31275739727527
jasmin,ketonic,11.314149661932873
almond,orris,11.314235314579628
burnt,smoky,11.31639322801537
balsamic,winey,11.336953627722378
almond,ripe,11.337033245214704
dry,jasmin,11.343443638351951
ripe,spicy,11.350423475661634
green,pungent,11.352973478717587
alliaceous,ripe,11.355132480071369
animal,fruity,11.363915310326973
geranium,melon,11.366349580307213
odorless,smoky,11.380848783109164
fruity,powdery,11.389862375608898
apple,caramellic,11.394051495852347
balsamic,fatty,11.39547280375725
herbal,pear,11.401827878459887
nutty,winey,11.404976159362509
solvent,sweet,11.420151086623898
fatty,violet,11.423300356389126
hay,solvent,11.427055067390775
burnt,medicinal,11.439043149820142
aldehydic,apple,11.442716381326937
citrus,pear,11.443610252082108
fatty,honey,11.445656622191196
banana,berry,11.446230560537971
tobacco,violet,11.448851616041633
hay,orris,11.449440207026957
burnt,camphoreous,11.468631384337721
anisic,medicinal,11.469215517560203
bitter,medicinal,11.47210365838799
coumarinic,ripe,11.474808583040328
spicy,winey,11.476815806086059
dry,orange,11.477750253430306
aromatic,violet,11.49104354053879
apple,cinnamon,11.496204869311358
dry,medicinal,11.504240346790661
almond,violet,11.515144896096496
metallic,orris,11.516020368843451
burnt,ketonic,11.517359725451707
dry,hay,11.518319213711363
melon,metallic,11.527544605934807
bitter,geranium,11.5301279809653
powdery,smoky,11.53411706618573
ethereal,oily,11.53636998936515
cinnamon,waxy,11.539386318426349
phenolic,sweet,11.54579761215932
anisic,fresh,11.556243655175711
berry,melon,11.556473934376283
banana,caramellic,11.56744960568634
alcoholic,waxy,11.577515791655703
honey,phenolic,11.577736850506946
banana,sweet,11.57795002241225
fresh,ketonic,11.58864235276779
melon,ripe,11.590660968759975
fresh,ripe,11.597474492677598
fatty,nutty,11.611638450199427
aromatic,rose,11.614147293126964
cooked,pungent,11.618036575728354
spicy,waxy,11.620053419751267
ethereal,jasmin,11.622139605589384
almond,dry,11.623828935640914
berry,cucumber,11.627950481349295
alcoholic,aldehydic,11.62864433075656
fatty,sulfurous,11.648926696813385
burnt,fermented,11.65170282881802
caramellic,pineapple,11.651887027537677
apple,waxy,11.662306721516627
nutty,oily,11.662567609846707
alcoholic,citrus,11.662777048771213
apple,floral,11.664027747603306
berry,waxy,11.664917384462811
orange,orris,11.670489530355335
dry,raspberry,11.679493211725028
citrus,tobacco,11.679937429303072
animal,burnt,11.687740452374292
aromatic,geranium,11.699087289456521
berry,caramellic,11.699944054655365
green,orris,11.712959037395411
fatty,spicy,11.727646740506223
cinnamon,phenolic,11.728293124998606
apple,citrus,11.730302632109161
jasmin,tobacco,11.73864488199568
cheesy,sweet,11.74436579948692
coumarinic,ethereal,11.744973354579425
caramellic,phenolic,11.753437728012182
fruity,tobacco,11.760399922071223
dry,fatty,11.762737317102706
geranium,vanilla,11.76843620690716
leathery,odorless,11.768507328736314
ethereal,fresh,11.78917860134332
garlic,ripe,11.795261249647146
burnt,ethereal,11.80211820454289
ketonic,sulfurous,11.806478539299343
alcoholic,floral,11.807340939536601
fruity,solvent,11.816341285285477
anisic,jasmin,11.8188445296434
berry,orange,11.82988607146633
rose,vanilla,11.84007519966526
cheesy,herbal,11.844010839885296
honey,ketonic,11.844941584725927
citrus,coumarinic,11.854293493247454
violet,winey,11.87015814159611
herbal,solvent,11.87326474078615
bitter,orris,11.875073147351747
pear,sweet,11.88520404898736
green,tobacco,11.896427024350423
ethereal,spicy,11.898780696443223
pear,ripe,11.901302963475278
bitter,violet,11.907417334391932
cinnamon,orange,11.908813095353246
cheesy,melon,11.919097508656144
smoky,woody,11.924677318289849
ethereal,fatty,11.931988055980158
fermented,floral,11.939662466403165
bitter,burnt,11.942629179605717
berry,ethereal,11.943850107196567
banana,fresh,11.957000686577304
cucumber,ripe,11.9648884260624
cucumber,honey,11.974048786630641
orris,waxy,11.98884669916644
leathery,solvent,11.994158200916747
hay,ketonic,11.994887172687704
dry,hawthorn,11.99783080654909
cinnamon,ethereal,12.001115884276432
balsamic,caramellic,12.001981475895874
hawthorn,violet,12.003945686769244
balsamic,ketonic,12.008506270001812
bitter,dry,12.010538826807135
burnt,coumarinic,12.02200310127887
balsamic,leathery,12.039021680961863
cinnamon,fatty,12.044493176594436
berry,pear,12.057447864731664
berry,dry,12.060434250302936
camphoreous,fatty,12.066903931231257
nutty,phenolic,12.067688357609923
medicinal,powdery,12.078416750620224
animal,ripe,12.081601579359745
pineapple,waxy,12.08327965737153
ripe,tobacco,12.083792983832671
jasmin,ripe,12.095334995926276
animal,orange,12.10156370751378
ketonic,vanilla,12.10549573925475
alcoholic,savory,12.118280826881056
aldehydic,pineapple,12.120994742372961
caramellic,honey,12.12163006333187
cheesy,pear,12.12847452005433
cherry,metallic,12.12901238628378
herbal,phenolic,12.13579639367131
ketonic,pear,12.138313963507516
cucumber,woody,12.148528225510573
winey,woody,12.150916169701162
fermented,tobacco,12.154323966675925
floral,ketonic,12.154415216187516
apple,orange,12.168108585652199
hay,metallic,12.173626522377946
cherry,green,12.174486840663766
cherry,dry,12.18505132927282
camphoreous,waxy,12.188526681510568
anisic,metallic,12.19018917164382
cucumber,ethereal,12.218107962205762
vanilla,violet,12.222864500078687
odorless,phenolic,12.225420074710001
alcoholic,tobacco,12.229196701178804
fermented,honey,12.246689530382659
citrus,fermented,12.25012408141812
camphoreous,ethereal,12.255108126776495
balsamic,cucumber,12.256836011800962
fatty,pungent,12.262285086736263
pineapple,pungent,12.272263526350919
berry,fatty,12.27455810768422
caramellic,fresh,12.277222923829587
cinnamon,cucumber,12.28563455418305
alcoholic,honey,12.2861050774391
oily,powdery,12.287776544891573
oily,orris,12.292096490068724
aldehydic,fermented,12.292221390750457
cherry,leathery,12.294403642373892
alcoholic,animal,12.311408114052629
savory,solvent,12.312579737994271
oily,sulfurous,12.312624052254945
cooked,fishy,12.317741197861919
hawthorn,rose,12.326245374175691
metallic,raspberry,12.335278944300352
hay,rose,12.351008575976008
fresh,vanilla,12.362354738985191
melon,violet,12.363885166900182
orange,spicy,12.38094648847419
alcoholic,balsamic,12.397579369330572
cheesy,cucumber,12.397972551762287
fruity,orris,12.407250318859258
balsamic,fermented,12.40729034445475
cherry,solvent,12.414441212098623
ketonic,meaty,12.421035566161892
banana,oily,12.424377865186095
ripe,waxy,12.426350499302446
smoky,solvent,12.439148078333679
metallic,smoky,12.442580576176084
fermented,waxy,12.449332513332061
almond,citrus,12.46099456420041
geranium,hay,12.470711910878023
almond,burnt,12.487793675205184
cinnamon,ripe,12.489421955323463
citrus,pineapple,12.49054200209447
raspberry,winey,12.491078830172743
geranium,hawthorn,12.494450581806426
bitter,cheesy,12.505701487381625
nutty,vanilla,12.508266072112296
hay,violet,12.517441649535824
bitter,citrus,12.517892710777351
caramellic,woody,12.52083753564582
bitter,winey,12.530380022179889
camphoreous,winey,12.530773279236362
medicinal,solvent,12.534123740984214
oily,pungent,12.54299226492243
animal,ketonic,12.54941521618566
dry,green,12.550574209948751
green,sulfurous,12.552192643883007
leathery,nutty,12.556253005370367
alcoholic,onion,12.572317601582812
cinnamon,pineapple,12.600125774422727
medicinal,woody,12.612586384764555
caramellic,jasmin,12.61911543760007
apple,pungent,12.631473388142588
floral,pear,12.635583370886895
apple,rose,12.63646561413222
sulfurous,winey,12.642038391722027
caramellic,floral,12.646393760586621
orange,pineapple,12.647583324163657
cinnamon,melon,12.648252772511832
green,solvent,12.653759211455151
animal,fermented,12.663616086651865
ketonic,oily,12.667066806812786
powdery,waxy,12.675400897772864
aromatic,metallic,12.685902472910524
cherry,fermented,12.70133692725399
aldehydic,ripe,12.705464984378548
apple,honey,12.709220707962485
floral,pineapple,12.712280475491072
citrus,ripe,12.714923251852236
animal,roasted,12.72945305753367
aldehydic,tobacco,12.731345625913827
aromatic,caramellic,12.739976956484172
burnt,vanilla,12.788650043077142
ketonic,melon,12.78949411103044
honey,melon,12.804932345836608
fishy,leathery,12.829906576379148
camphoreous,roasted,12.831426886586929
anisic,caramellic,12.841968082485542
cherry,citrus,12.84584896742898
fresh,nutty,12.848446564905359
alcoholic,orange,12.85523757831624
caramellic,powdery,12.85577198123111
aldehydic,coumarinic,12.875502944304786
aromatic,fresh,12.883653062932964
nutty,woody,12.896681735034042
banana,cinnamon,12.903375247732438
leathery,sweet,12.906052856150765
cherry,smoky,12.906519668232976
alcoholic,woody,12.910245029531291
anisic,citrus,12.917350694461156
honey,leathery,12.921680767853168
banana,pungent,12.936581910242358
cheesy,fresh,12.945965186145086
caramellic,oily,12.94735870874506
onion,solvent,12.960439019812592
almond,winey,12.964675499618796
camphoreous,cheesy,12.971735427954163
fatty,roasted,12.983842926946124
fatty,meaty,12.9911675729809
apple,metallic,12.991186549675307
fresh,hay,13.004023214051495
metallic,savory,13.004468930418305
oily,raspberry,13.015812566712508
berry,ripe,13.01648938109986
fruity,sulfurous,13.019209545419491
burnt,spicy,13.030206714215577
orange,powdery,13.038172324398301
pear,rose,13.041027785938885
cinnamon,solvent,13.04204492260573
fishy,smoky,13.066799669520982
ethereal,tobacco,13.072649033770078
ethereal,savory,13.08338225274873
cheesy,waxy,13.100759643325976
fermented,savory,13.103770404154094
jasmin,vanilla,13.106750406706004
floral,phenolic,13.114646578302608
banana,fatty,13.115035824748881
camphoreous,orange,13.118848582094888
cherry,medicinal,13.130394794362493
medicinal,metallic,13.134391468296656
floral,ripe,13.140022449278227
green,roasted,13.163052702553111
ethereal,floral,13.172835849654662
fishy,medicinal,13.173769708548472
fermented,woody,13.185980638428184
coumarinic,winey,13.200111003992088
cheesy,spicy,13.2020909485808
ketonic,woody,13.217074065708355
ketonic,raspberry,13.226540316374633
balsamic,melon,13.235570646448435
caramellic,odorless,13.237627902936925
pungent,sweet,13.24259201980984
alcoholic,cherry,13.245309183659996
caramellic,savory,13.24764701491029
caramellic,leathery,13.25044260423754
almond,cheesy,13.254077672833857
cinnamon,nutty,13.259412097351412
anisic,fruity,13.268908272083175
aromatic,jasmin,13.273191543395583
apple,balsamic,13.27977701070084
cucumber,spicy,13.300186232967183
alcoholic,rose,13.305210041488852
odorless,pungent,13.310984972011973
apple,raspberry,13.310998090108093
animal,winey,13.316024764046157
bitter,pungent,13.328869576920251
metallic,onion,13.331089115333738
fatty,ketonic,13.331186660507958
cheesy,cooked,13.333255700880407
cooked,nutty,13.333672197615517
odorless,sulfurous,13.340744508836107
orange,raspberry,13.34265726199756
roasted,tobacco,13.34806078509195
fruity,vanilla,13.359452286414523
apple,nutty,13.36867721583299
balsamic,smoky,13.370276461576006
apple,geranium,13.3747910277255
fruity,roasted,13.379228330886855
nutty,pineapple,13.38419772616013
cheesy,coumarinic,13.384306360808077
hay,jasmin,13.390629022777723
oily,roasted,13.391928380355598
ketonic,powdery,13.393563005149435
cinnamon,leathery,13.397245332132949
anisic,ketonic,13.399628868783962
raspberry,waxy,13.409711229681681
apple,spicy,13.417106986962937
herbal,pungent,13.423111388571966
fatty,powdery,13.424659727460662
apple,bitter,13.425355699493027
balsamic,ripe,13.425432011403466
caramellic,fatty,13.429494650595199
ethereal,honey,13.430108932942984
oily,tobacco,13.434529937235054
aldehydic,almond,13.437822342480395
aldehydic,bitter,13.44014186054988
cheesy,jasmin,13.44463502129839
caramellic,fishy,13.451571371314785
citrus,vanilla,13.454422382238937
herbal,leathery,13.457136466636518
ripe,woody,13.462624711499334
fishy,ripe,13.464344783683561
solvent,winey,13.466328763524354
aromatic,solvent,13.477244571241194
alcoholic,alliaceous,13.478412482135845
nutty,waxy,13.47884049059707
citrus,nutty,13.4792778947523
honey,ripe,13.486150949162651
nutty,smoky,13.486514188471919
metallic,pineapple,13.486550060289845
citrus,ethereal,13.491734201881892
aldehydic,ethereal,13.503054106316554
camphoreous,pungent,13.513454366083694
cheesy,fishy,13.520749360163794
fermented,rose,13.523933386195903
coumarinic,oily,13.540349186178746
cherry,ethereal,13.542234370830553
fatty,orris,13.554889017023978
fruity,hay,13.56187728947086
ethereal,waxy,13.563878211785244
ethereal,onion,13.568855408350379
balsamic,nutty,13.570821696677276
cinnamon,pear,13.577402467605555
fermented,onion,13.581005856477235
meaty,oily,13.587111932729483
banana,floral,13.595060780447799
citrus,ketonic,13.598189489808915
balsamic,ethereal,13.598473867450782
alcoholic,geranium,13.616650879134935
fermented,orange,13.658386919469173
bitter,roasted,13.65942902706692
aldehydic,nutty,13.669740976965137
pineapple,rose,13.670072311891404
odorless,savory,13.672305288794526
hay,nutty,13.673538429588131
aromatic,ketonic,13.676712525105076
geranium,pear,13.680725320313043
animal,cheesy,13.684836121867567
melon,woody,13.701262351878581
anisic,green,13.709849665900265
green,vanilla,13.72657246815598
cucumber,ketonic,13.730674458230077
aldehydic,cheesy,13.737383196323988
roasted,winey,13.745821510040939
fishy,phenolic,13.752916541403403
caramellic,hawthorn,13.759258470754936
animal,ethereal,13.765756433046986
fresh,hawthorn,13.787338455356982
apple,violet,13.788059042099748
honey,pineapple,13.792945530261422
aldehydic,banana,13.79587818374958
fatty,savory,13.7967943338977
bitter,oily,13.809261481405798
fermented,vanilla,13.809901774504615
medicinal,nutty,13.820304490360064
powdery,winey,13.820367901495885
animal,meaty,13.833038386384771
caramellic,citrus,13.837266902403982
cucumber,orris,13.837519133767465
garlic,solvent,13.838683334826943
solvent,woody,13.847636937774311
green,meaty,13.85072223988559
caramellic,onion,13.852223525705815
balsamic,solvent,13.858045585591306
orange,ripe,13.881499103679536
cheesy,citrus,13.892956226081106
fatty,onion,13.894441878865042
jasmin,nutty,13.901376304206476
floral,nutty,13.903438715474271
cheesy,tobacco,13.906841317082145
aldehydic,ketonic,13.910814684143018
almond,apple,13.913304319435511
honey,nutty,13.914106787565206
fermented,geranium,13.915449183917358
coumarinic,roasted,13.917587028435667
dry,fruity,13.918317848132503
animal,cucumber,13.921972176554304
aldehydic,cherry,13.92472465354288
alliaceous,solvent,13.93597647485665
balsamic,medicinal,13.941812149803047
metallic,pear,13.949071284739588
caramellic,smoky,13.950597300651058
alliaceous,metallic,13.954533622612262
garlic,odorless,13.95704403577105
cucumber,raspberry,13.965425096507595
ketonic,rose,13.96865322028072
anisic,solvent,13.97259295441242
sulfurous,waxy,13.97655498715439
roasted,spicy,13.98639993842701
animal,pungent,13.991756724711736
hawthorn,jasmin,13.993909776870897
almond,oily,14.010484729870884
banana,waxy,14.014612956838835
orris,phenolic,14.022938963676628
ripe,vanilla,14.025965213236777
banana,citrus,14.026616138265881
alcoholic,garlic,14.028667959977987
banana,nutty,14.03745250805865
geranium,phenolic,14.039398633933274
alcoholic,vanilla,14.045169823772774
roasted,sweet,14.045521572386821
hawthorn,metallic,14.05754045161999
coumarinic,pungent,14.061637859203584
banana,bitter,14.064247157539956
fermented,hay,14.07240712979619
almond,pungent,14.073228858889847
fermented,raspberry,14.074894688907538
cherry,winey,14.089147712305556
fishy,metallic,14.103431873318288
burnt,cooked,14.108208779408198
melon,pungent,14.112910337563372
pungent,spicy,14.116006886806662
aldehydic,anisic,14.12582866682631
leathery,roasted,14.144321477205066
burnt,hay,14.14555888870609
melon,spicy,14.148207944973061
caramellic,medicinal,14.151437671259819
aromatic,citrus,14.159960610066257
fermented,powdery,14.161245435642527
honey,solvent,14.165259162819218
phenolic,roasted,14.168170533759099
floral,leathery,14.170824056050234
cherry,ripe,14.176148559530715
alcoholic,powdery,14.185956559345453
odorless,onion,14.190978226636823
camphoreous,meaty,14.20327440175623
powdery,solvent,14.208102871653907
berry,phenolic,14.21301451242497
camphoreous,cucumber,14.223570198239335
honey,smoky,14.226885702222066
pear,violet,14.227080562333922
pungent,tobacco,14.230706995925637
phenolic,raspberry,14.234479091428273
cucumber,nutty,14.239001126478474
caramellic,raspberry,14.239458929454672
bitter,pineapple,14.240110533806265
smoky,sweet,14.24117874600392
garlic,metallic,14.244528386031536
melon,raspberry,14.246816880683275
fatty,tobacco,14.249437162027476
cherry,nutty,14.253620774852882
aldehydic,caramellic,14.256111334239886
honey,pear,14.256207502417695
green,hay,14.256733394524707
fruity,meaty,14.277064792663737
cucumber,pungent,14.28378704197451
tobacco,winey,14.286985529582205
burnt,sweet,14.289109469085732
dry,nutty,14.291713725331563
almond,roasted,14.292024072482121
orris,winey,14.292066720966814
cheesy,cinnamon,14.29944704395819
aromatic,fruity,14.30010378141494
meaty,winey,14.306679848480552
alliaceous,fatty,14.31177693677926
pineapple,spicy,14.326515009782026
balsamic,pineapple,14.328136342554158
herbal,roasted,14.331779808722041
animal,sulfurous,14.342003159078802
geranium,pineapple,14.361727407759291
nutty,powdery,14.369910994595344
ketonic,phenolic,14.370061682524568
banana,honey,14.371791350412485
cucumber,sulfurous,14.376719901245622
alcoholic,raspberry,14.381897504633988
berry,solvent,14.393734376366423
ethereal,woody,14.410882482948514
odorless,tobacco,14.414535632705554
pineapple,sulfurous,14.42086082162034
fatty,raspberry,14.42323417928654
citrus,hay,14.425257318269592
phenolic,rose,14.440712610192637
geranium,ketonic,14.44230243750462
tobacco,waxy,14.463256278803367
pungent,waxy,14.471058814223804
hawthorn,ketonic,14.4714345706543
alcoholic,hay,14.487834961263372
caramellic,rose,14.49567544552497
coumarinic,fatty,14.501677635700636
cucumber,dry,14.504361641665236
alliaceous,ethereal,14.508167016847786
alliaceous,fermented,14.508330722195169
berry,nutty,14.51047927773017
apple,coumarinic,14.512202794028743
pineapple,raspberry,14.516955317855164
apple,solvent,14.557825841996259
caramellic,melon,14.561993897683271
cinnamon,smoky,14.563992601529517
banana,orange,14.572590866460184
pear,pungent,14.574553920972205
aldehydic,vanilla,14.575199313280399
cheesy,orange,14.57799345204686
hawthorn,solvent,14.58737564753815
melon,nutty,14.58805138874002
ketonic,waxy,14.597348908731885
fresh,pungent,14.618525932872837
fresh,solvent,14.619448834671843
almond,banana,14.620541811995247
camphoreous,sulfurous,14.622956190406494
caramellic,pear,14.636902687294901
cooked,ripe,14.637315554386312
ripe,rose,14.654476202228357
ethereal,vanilla,14.658959703701486
fresh,phenolic,14.659270511719754
apple,camphoreous,14.679951680297227
banana,raspberry,14.684928314778968
oily,savory,14.686113402494868
geranium,leathery,14.701963914343978
banana,rose,14.706314370140925
caramellic,geranium,14.711563909616059
berry,cheesy,14.714731567574097
cucumber,powdery,14.724984899107284
banana,solvent,14.72548288001074
apple,cherry,14.726762470220562
pineapple,solvent,14.729272624153227
hay,ripe,14.731222936360924
coumarinic,waxy,14.731558049674728
apple,woody,14.733941134309593
cheesy,floral,14.742344224948912
burnt,herbal,14.74312887410448
sulfurous,sweet,14.754965803704222
ethereal,rose,14.76517898321153
alliaceous,odorless,14.770071267527893
almond,pineapple,14.770586002056353
melon,sulfurous,14.774891662205183
medicinal,sweet,14.77545227880323
bitter,fatty,14.778830233042383
ethereal,orange,14.778834074508325
honey,medicinal,14.780923718684523
banana,metallic,14.788394235161473
aromatic,green,14.788954789496053
geranium,ripe,14.792171398510135
banana,spicy,14.806856000508713
apple,sulfurous,14.806861693564132
herbal,smoky,14.81346713116589
balsamic,pear,14.823794056834773
phenolic,ripe,14.830817081141046
oily,onion,14.834304799484991
alliaceous,caramellic,14.844009226508815
floral,solvent,14.847532330101904
animal,fishy,14.850665471391919
caramellic,waxy,14.850942794529798
ethereal,hay,14.853656192210824
alcoholic,violet,14.867955054882657
meaty,tobacco,14.86881560517908
oily,solvent,14.877318582801522
odorless,ripe,14.879302100174629
pineapple,violet,14.884787774750626
caramellic,cucumber,14.887469063125039
powdery,ripe,14.887737017870668
herbal,sulfurous,14.90546293575994
balsamic,banana,14.951889272896524
leathery,orris,14.960611961735234
fermented,violet,14.98498921992004
roasted,smoky,14.987718663235183
caramellic,garlic,14.993715328586122
pear,raspberry,15.0019174515349
almond,fatty,15.014396149170334
ethereal,garlic,15.018008327268083
fermented,garlic,15.02303650240918
cinnamon,medicinal,15.034981791856591
fatty,garlic,15.036214139047727
nutty,orange,15.060857201989068
citrus,phenolic,15.070259683905638
roasted,waxy,15.081818993979146
melon,orris,15.087757407019694
anisic,fermented,15.092187610425935
phenolic,violet,15.104474216482389
cheesy,woody,15.108304493362404
fruity,hawthorn,15.132324546304242
burnt,fruity,15.134394832572383
ethereal,raspberry,15.13548884026701
ketonic,savory,15.15674820284888
fatty,solvent,15.161677209782889
caramellic,dry,15.161962474881916
citrus,hawthorn,15.165367471948352
ketonic,violet,15.170004361609024
ethereal,geranium,15.172501314309166
bitter,waxy,15.183188279591342
meaty,waxy,15.187020851930798
balsamic,cheesy,15.19014002609419
cherry,oily,15.200047254201374
aldehydic,sulfurous,15.204505889052111
aldehydic,pungent,15.205954022462503
burnt,woody,15.214165511582216
meaty,sweet,15.222963173924983
burnt,green,15.225579946116639
cheesy,honey,15.242461245668036
camphoreous,melon,15.24785003966711
fishy,tobacco,15.271600448734658
leathery,rose,15.282299870030679
geranium,nutty,15.293767890239424
almond,waxy,15.294081283806841
jasmin,solvent,15.295291652966384
medicinal,roasted,15.298855533942113
ethereal,powdery,15.302829807544457
citrus,pungent,15.313183502609979
alliaceous,oily,15.316793857171128
aromatic,nutty,15.324398269909572
cheesy,odorless,15.325846501765092
bitter,meaty,15.333792217520346
meaty,spicy,15.34138640506302
animal,odorless,15.345694892022273
camphoreous,odorless,15.350999680760363
herbal,medicinal,15.357494404737043
aldehydic,aromatic,15.35973240944138
coumarinic,pineapple,15.360948163984897
jasmin,pungent,15.371638168068163
leathery,meaty,15.379493819303871
fresh,sulfurous,15.396428242185273
banana,coumarinic,15.402448563368436
orange,tobacco,15.410061537399287
roasted,vanilla,15.412181346139972
odorless,vanilla,15.423743797729005
nutty,rose,15.424036412542394
alcoholic,anisic,15.43309612831199
citrus,leathery,15.44269418586451
animal,melon,15.451739138800603
citrus,sulfurous,15.452755612074993
herbal,meaty,15.462172220090775
spicy,sulfurous,15.46970783122281
fresh,leathery,15.471092426653964
anisic,nutty,15.473722006148247
camphoreous,pineapple,15.483629623263779
banana,geranium,15.485606425589067
dry,winey,15.491460340158609
banana,cherry,15.495454407178997
camphoreous,fishy,15.502047015710533
banana,sulfurous,15.505129957210986
fresh,roasted,15.523948054006475
coumarinic,meaty,15.531734423955754
aromatic,fermented,15.547555317392273
oily,vanilla,15.550890563144208
pear,spicy,15.55162882326031
aldehydic,hay,15.552020899319778
sulfurous,tobacco,15.558082972032832
nutty,pear,15.56374133011439
roasted,woody,15.571537781905828
alcoholic,phenolic,15.59869778076302
orange,sulfurous,15.604848752042972
green,savory,15.607466361908546
coumarinic,orange,15.611614548419679
meaty,phenolic,15.61504696133634
bitter,sulfurous,15.615455146492813
floral,smoky,15.624874984419023
fermented,phenolic,15.628067512192386
pineapple,roasted,15.636760807377742
burnt,dry,15.646563234914623
pineapple,woody,15.648123136190485
dry,solvent,15.691465415002769
coumarinic,odorless,15.691504191578392
savory,winey,15.702572030849602
ketonic,onion,15.706014071567067
leathery,ripe,15.72534156184577
ketonic,orange,15.727518045912102
apple,powdery,15.738027994527027
green,hawthorn,15.740634418216795
citrus,roasted,15.750678210610749
cherry,pineapple,15.759128328552942
banana,violet,15.766688603356396
aldehydic,roasted,15.778860479846308
cinnamon,pungent,15.79594693186134
caramellic,violet,15.808773316948567
citrus,solvent,15.81183397047633
apple,roasted,15.821638186215084
dry,ripe,15.8337955920555
melon,powdery,15.834415055178583
anisic,oily,15.84042354833357
alcoholic,dry,15.852652855822884
burnt,fatty,15.85709794081625
bitter,odorless,15.874426185748622
green,phenolic,15.876747647899714
pear,woody,15.879870750509012
cheesy,vanilla,15.882807682922051
alcoholic,aromatic,15.90265627771268
berry,leathery,15.908593290942932
green,onion,15.910534763314004
metallic,odorless,15.913653763617473
leathery,raspberry,15.9160274433608
alcoholic,fishy,15.926459278315312
jasmin,phenolic,15.93487771391871
pear,sulfurous,15.937158738610778
fruity,phenolic,15.945209810559339
aromatic,burnt,15.945251207383077
coumarinic,sulfurous,15.950169904887346
almond,meaty,15.950677836584003
burnt,oily,15.95775028011843
cucumber,roasted,15.959776773716145
burnt,cherry,15.966905020685497
onion,winey,15.979887178037972
bitter,cucumber,15.983742415335668
raspberry,ripe,15.985234483728236
animal,apple,16.003543537982207
garlic,oily,16.010908451600713
pungent,woody,16.02221409408612
coumarinic,cucumber,16.023536155925672
banana,camphoreous,16.02415463655674
anisic,ethereal,16.037874354478753
orange,pungent,16.04172219237941
leathery,violet,16.0460317150437
vanilla,winey,16.047088829892704
anisic,winey,16.05051227625811
cucumber,meaty,16.0661327620737
ketonic,leathery,16.068339895240225
anisic,ripe,16.082782013998266
bitter,melon,16.091625093302714
aldehydic,phenolic,16.091725498972803
cheesy,cherry,16.09655953399493
bitter,orange,16.097610090355797
savory,waxy,16.112862017637116
phenolic,pungent,16.112986880259463
apple,tobacco,16.124174054667144
almond,orange,16.152197960769605
cheesy,rose,16.15634627347169
apple,orris,16.160013076708196
caramellic,orange,16.180713067523445
aldehydic,meaty,16.187693211902147
cherry,waxy,16.195983726718115
ethereal,violet,16.203213784348673
onion,waxy,16.209648132225272
almond,cucumber,16.220983318172117
burnt,cinnamon,16.221343828514858
balsamic,burnt,16.22558229632878
pungent,vanilla,16.22920843141394
burnt,powdery,16.23228591227987
meaty,pineapple,16.237790251789097
floral,medicinal,16.24222438729728
geranium,smoky,16.260682834726182
almond,sulfurous,16.261234538698368
almond,odorless,16.263946062515153
floral,pungent,16.264319863363436
aldehydic,solvent,16.268068485896283
cheesy,geranium,16.271207117165837
orris,smoky,16.27520927195443
dry,roasted,16.276539043533468
fresh,meaty,16.276741552936763
fruity,savory,16.277999113706635
meaty,smoky,16.278828638315847
citrus,meaty,16.28187784738135
ripe,violet,16.298506258443904
aromatic,ripe,16.305901393268247
dry,fermented,16.329916420501977
burnt,winey,16.337108818904795
aldehydic,hawthorn,16.371229872368446
hay,winey,16.385476073066997
cucumber,tobacco,16.394614124958373
cherry,fatty,16.396416381558574
aldehydic,leathery,16.398523140457147
almond,melon,16.411951919724398
ethereal,phenolic,16.414687556343186
aromatic,ethereal,16.425739392750497
ketonic,orris,16.43645672118031
banana,roasted,16.438292431879038
balsamic,pungent,16.44459354913582
fatty,vanilla,16.449746023226194
cheesy,phenolic,16.450670187234962
melon,roasted,16.45327540958572
coumarinic,melon,16.472747650466328
fermented,hawthorn,16.487487032666106
fermented,fishy,16.49197724276896
vanilla,waxy,16.51169612132826
apple,meaty,16.514104959909
berry,pungent,16.522500207255
anisic,waxy,16.526999466031906
jasmin,sulfurous,16.538946523769972
bitter,pear,16.546664048415863
cinnamon,roasted,16.559635227423733
banana,woody,16.57742052430602
dry,ketonic,16.57899016015125
sulfurous,woody,16.583461367939677
meaty,woody,16.585348581247672
dry,melon,16.58538765705376
raspberry,solvent,16.595308992953402
alcoholic,orris,16.598379238570363
alliaceous,waxy,16.606371825586397
leathery,pungent,16.613659983599035
hay,oily,16.61730221176253
alliaceous,green,16.618360856417784
meaty,medicinal,16.622944097400246
hawthorn,nutty,16.62395017304443
honey,pungent,16.62397271336324
cheesy,hay,16.626991636969386
anisic,burnt,16.628760588451367
ethereal,fishy,16.63284923460953
balsamic,roasted,16.633701285890158
fruity,onion,16.645445331848535
meaty,melon,16.65042878817734
fermented,orris,16.654725578308565
rose,solvent,16.655275639971308
animal,savory,16.66346390598884
oily,phenolic,16.668116182904754
cooked,fatty,16.67598696154144
alcoholic,cooked,16.680820047468853
alliaceous,ketonic,16.683850199241107
alliaceous,winey,16.688153358621474
geranium,solvent,16.691864021176663
caramellic,orris,16.69612109985153
cheesy,powdery,16.707361312085766
solvent,waxy,16.70825846858121
coumarinic,fishy,16.715881177016723
alcoholic,leathery,16.72765951241081
orange,roasted,16.730563059163476
cherry,orange,16.733753478827357
animal,pineapple,16.737037814902553
jasmin,roasted,16.740943146142705
hay,roasted,16.748785224050327
ripe,smoky,16.75477260196893
burnt,honey,16.757951576917034
pineapple,powdery,16.768796974665072
cucumber,savory,16.769823531261885
ketonic,odorless,16.78119150890271
burnt,fresh,16.781545845864965
rose,smoky,16.794290914969753
hay,odorless,16.799027593114072
camphoreous,pear,16.81056878065926
green,leathery,16.821107554086904
cooked,metallic,16.823253455994678
fishy,ketonic,16.8292561272725
leathery,sulfurous,16.841929286004113
meaty,orange,16.84201200536951
floral,roasted,16.849128661823745
ketonic,smoky,16.86009213017573
cucumber,onion,16.868438097803814
aromatic,oily,16.86914653205503
medicinal,orris,16.87899396756683
fishy,vanilla,16.88841173680696
cooked,odorless,16.890516595546323
leathery,oily,16.899128416640107
phenolic,sulfurous,16.911937695288643
pineapple,tobacco,16.917007376671005
orris,pear,16.917057201905514
alcoholic,hawthorn,16.91730344494044
fermented,leathery,16.932256086701038
geranium,medicinal,16.94765380846477
almond,pear,16.949833886670675
nutty,raspberry,16.958701145277686
anisic,orange,16.985051535692747
bitter,fishy,16.988422180208225
anisic,fatty,16.990174898998728
raspberry,smoky,16.998212864474887
meaty,vanilla,17.005126507694786
jasmin,leathery,17.013170547656678
cherry,cucumber,17.015548093954482
honey,roasted,17.032631685210156
fresh,smoky,17.032865434694447
garlic,ketonic,17.03509675732091
dry,meaty,17.056142078805685
nutty,violet,17.06729547689238
animal,onion,17.069227178902892
berry,smoky,17.070876733118347
ketonic,medicinal,17.092877459986475
aromatic,winey,17.102339246019554
medicinal,ripe,17.1116527983486
citrus,smoky,17.11914319144042
alcoholic,odorless,17.1440522782134
cherry,melon,17.154702127406512
hay,pungent,17.16259947644204
cooked,solvent,17.176651126446313
cheesy,leathery,17.191796602029285
banana,meaty,17.19524601750713
cherry,pungent,17.198235776157457
odorless,spicy,17.201293616371704
burnt,citrus,17.20770778009883
fruity,leathery,17.219011780405133
banana,tobacco,17.225402793443177
burnt,floral,17.225513316257853
anisic,apple,17.23644992773295
fatty,phenolic,17.239856207205325
melon,solvent,17.249582589227636
burnt,hawthorn,17.250582556236495
melon,tobacco,17.26601037642609
cucumber,solvent,17.268846936396383
orris,pineapple,17.277940853563155
garlic,green,17.279186104691288
banana,powdery,17.28259814040108
cheesy,dry,17.28824923729436
garlic,waxy,17.29614151426287
floral,sulfurous,17.29925682726588
fatty,leathery,17.30184577423758
camphoreous,savory,17.31076550007376
fishy,spicy,17.3110737932285
coumarinic,pear,17.319877570536597
alliaceous,cucumber,17.32215362495032
ethereal,hawthorn,17.334337868536764
orange,vanilla,17.340670933256565
powdery,roasted,17.35292108163266
melon,savory,17.376989797557794
fermented,odorless,17.378894340707873
almond,fishy,17.424369726749134
dry,sulfurous,17.432475283630588
hawthorn,ripe,17.439707385995685
alliaceous,fruity,17.439731087744097
medicinal,raspberry,17.448938152758515
ethereal,odorless,17.449210245027196
medicinal,rose,17.451712337814943
pear,powdery,17.45362262052001
garlic,winey,17.46053924882691
apple,hay,17.46087176780164
smoky,violet,17.47844972758583
pineapple,savory,17.4888394402135
melon,onion,17.510943043196033
cinnamon,sulfurous,17.51812660739575
dry,ethereal,17.518534026006005
pungent,smoky,17.52250304896221
berry,medicinal,17.529494527430654
apple,vanilla,17.554184377481217
phenolic,waxy,17.558891730695283
burnt,waxy,17.560122295027764
jasmin,meaty,17.56233314449073
animal,pear,17.564693610050856
pear,roasted,17.57969724665943
aldehydic,burnt,17.5810299163166
cherry,pear,17.585740959100253
animal,banana,17.603822842552184
pear,solvent,17.606765248721526
fatty,hay,17.620878931597854
hay,waxy,17.626563073691752
cherry,roasted,17.626982881291568
balsamic,sulfurous,17.628299476513796
aldehydic,savory,17.629731510063827
leathery,waxy,17.630821205139345
aromatic,waxy,17.639739878240334
powdery,pungent,17.663680001167183
geranium,pungent,17.67823424867519
dry,pungent,17.682214409841414
fresh,medicinal,17.685322618199997
pungent,rose,17.69001866832106
cooked,ethereal,17.693445927716876
orange,savory,17.718882569906455
cooked,fermented,17.72742625291277
alliaceous,animal,17.728902763761685
ethereal,leathery,17.743807458583504
cheesy,raspberry,17.747804778604397
sulfurous,vanilla,17.766011074333036
animal,garlic,17.778069515135755
onion,pineapple,17.78342645026965
camphoreous,onion,17.786481275871914
onion,orange,17.799927178046115
orris,ripe,17.807108481816517
aldehydic,onion,17.811224107664383
balsamic,meaty,17.812113280246614
cooked,oily,17.81947184249897
berry,roasted,17.81953800112594
alcoholic,smoky,17.82735621075621
medicinal,pungent,17.833004797605604
floral,meaty,17.837573258237946
citrus,medicinal,17.842385709395934
savory,sweet,17.85212690588352
cheesy,violet,17.85237149498626
cinnamon,meaty,17.855087427446943
ethereal,orris,17.864537551531114
smoky,sulfurous,17.876027478670995
dry,fishy,17.911670235536135
meaty,pear,17.91325586646203
honey,sulfurous,17.921640087284107
berry,burnt,17.93151001899673
aromatic,fatty,17.940610073002926
apple,savory,17.951305330355986
citrus,savory,17.95136269865043
fermented,smoky,17.95645836877016
geranium,roasted,17.95719742581273
hawthorn,winey,17.971368538587104
solvent,violet,17.988452582834437
hawthorn,oily,17.99562646391013
anisic,cheesy,18.002549372451515
herbal,savory,18.00494867418361
banana,orris,18.00772204399877
burnt,jasmin,18.01635972401682
alliaceous,melon,18.03627265629043
nutty,orris,18.05280446906757
fruity,garlic,18.06772442433565
anisic,cucumber,18.07993007501347
aldehydic,smoky,18.089754082811993
medicinal,violet,18.10995588113787
orange,solvent,18.154305180612248
citrus,onion,18.168978020464824
cucumber,garlic,18.171034646071767
alliaceous,orange,18.17381789559637
savory,tobacco,18.18364896858599
caramellic,cooked,18.184835870038036
apple,burnt,18.197996203863774
roasted,rose,18.206392096929218
honey,meaty,18.210287385169334
cheesy,smoky,18.210742853192034
alcoholic,medicinal,18.21146362314451
aromatic,orange,18.211588804899357
aromatic,cheesy,18.216925507857784
banana,hay,18.227658935404563
fresh,savory,18.231622257432775
geranium,sulfurous,18.23745780901835
burnt,pineapple,18.259757085524914
apple,onion,18.264566481913704
medicinal,sulfurous,18.269471149398985
onion,sweet,18.271100323563513
green,smoky,18.280268961712796
anisic,pineapple,18.281726552589184
phenolic,winey,18.283407551650253
anisic,banana,18.29039771790174
apple,aromatic,18.297175498957706
fermented,medicinal,18.301183737010174
aldehydic,alliaceous,18.306627057135707
cucumber,vanilla,18.339204568732296
savory,spicy,18.3478551286396
hay,orange,18.37013955079252
hay,pineapple,18.37214030576923
aromatic,roasted,18.384720472188345
herbal,onion,18.409791893674335
hay,meaty,18.41197903629287
pineapple,vanilla,18.413665228822808
berry,sulfurous,18.420326148025442
rose,sulfurous,18.458333882396314
apple,dry,18.475793894408884
jasmin,smoky,18.48646740203076
leathery,savory,18.491905586215523
burnt,geranium,18.496799016760892
banana,vanilla,18.507872957191474
fresh,onion,18.519513579706384
fruity,smoky,18.527018886107353
fatty,fishy,18.527086313618483
alliaceous,pineapple,18.53004599968064
aromatic,odorless,18.534532853867226
fishy,hay,18.548938804634606
orris,solvent,18.559089137375924
alliaceous,camphoreous,18.55945227779683
oily,smoky,18.563018293579795
cheesy,medicinal,18.563135331872378
pear,tobacco,18.583835144260714
orange,phenolic,18.587543393600946
meaty,powdery,18.618066596764965
anisic,roasted,18.633657931412394
camphoreous,garlic,18.634518439511567
banana,savory,18.651626842150467
fishy,woody,18.668278787075828
bitter,savory,18.675966649292764
leathery,orange,18.68745748744657
ethereal,smoky,18.694473672776212
alliaceous,citrus,18.700352849875486
banana,burnt,18.701889159684143
onion,tobacco,18.702227305995372
anisic,melon,18.712280692438682
pear,savory,18.721738422788743
hawthorn,waxy,18.736405857128666
fishy,sweet,18.765955080589517
powdery,sulfurous,18.76927413688329
geranium,meaty,18.770072715399454
burnt,rose,18.772035611999335
onion,spicy,18.81303289678031
aldehydic,medicinal,18.817395315339482
dry,odorless,18.851420270892746
anisic,pungent,18.855033238636196
aromatic,pungent,18.856073312697045
green,medicinal,18.856176655447122
coumarinic,savory,18.867602029424322
garlic,orange,18.88043091768213
cooked,waxy,18.901475996613705
onion,pear,18.904891562014853
aldehydic,garlic,18.908661884108877
burnt,cucumber,18.9290368844649
garlic,melon,18.932901850631957
phenolic,savory,18.94512623777646
apple,hawthorn,18.95148060391871
leathery,onion,18.95435758041553
fishy,oily,18.959981932286553
fatty,smoky,18.973170067229848
banana,onion,18.993597770991094
ethereal,medicinal,19.000769008147863
fruity,medicinal,19.020902556851137
alliaceous,apple,19.027214410056498
berry,meaty,19.047076260641923
hay,sulfurous,19.053626547722878
alliaceous,sweet,19.058346659176703
meaty,rose,19.067852839460947
cucumber,hay,19.082643747629987
melon,vanilla,19.08889705530793
jasmin,medicinal,19.089827386107057
fatty,hawthorn,19.116670477877104
burnt,orange,19.13880105826778
savory,woody,19.1453220558438
alliaceous,fresh,19.16069469563897
alliaceous,herbal,19.18610631477201
fishy,herbal,19.190908696441763
cherry,meaty,19.2255246690056
garlic,leathery,19.227192053129468
hawthorn,orange,19.230880081635355
bitter,onion,19.240937774042056
aromatic,banana,19.243260921393322
citrus,garlic,19.24469473198699
dry,pear,19.24483619297397
odorless,sweet,19.251542588678724
medicinal,oily,19.261634448992194
dry,pineapple,19.27010486140849
odorless,woody,19.287405115739883
aromatic,pineapple,19.289428386558043
almond,savory,19.290873560632207
aromatic,cucumber,19.29978051647575
leathery,winey,19.317400497521646
garlic,pineapple,19.33868220550307
smoky,waxy,19.347544353163187
fishy,green,19.354945973860406
cheesy,hawthorn,19.36019344076975
cherry,sulfurous,19.37324750729041
pungent,raspberry,19.382065932756383
dry,savory,19.38928918505673
coumarinic,onion,19.410791166462808
pungent,violet,19.413549530734752
garlic,sweet,19.442413509771825
savory,smoky,19.45469953626618
onion,phenolic,19.45807921359101
garlic,tobacco,19.474786528568455
cheesy,orris,19.47578245220359
onion,woody,19.504328205348312
alliaceous,tobacco,19.50597276295875
alliaceous,pear,19.51076881771506
burnt,melon,19.5137225910044
jasmin,savory,19.527963760591433
cooked,winey,19.534557365749166
cooked,green,19.5502140935346
cherry,odorless,19.561778180172766
hay,melon,19.563402393441194
alliaceous,leathery,19.57598801807368
alliaceous,spicy,19.602289170726603
garlic,herbal,19.60239394239627
cooked,cucumber,19.65321946586706
anisic,odorless,19.656792504962993
fatty,medicinal,19.67848511293245
dry,onion,19.68178223599327
anisic,pear,19.683948449765936
fresh,garlic,19.709756173116983
fishy,fruity,19.71964564587819
hawthorn,roasted,19.7313632848005
hawthorn,odorless,19.73239377404558
herbal,odorless,19.771443244189584
garlic,spicy,19.77956857184613
alliaceous,banana,19.79339154738925
apple,garlic,19.803999416759254
banana,hawthorn,19.815817131023564
jasmin,onion,19.8319739510564
medicinal,savory,19.83423447859553
almond,onion,19.848647526508582
burnt,raspberry,19.85515051165629
odorless,powdery,19.885488604326106
garlic,phenolic,19.901577344871487
roasted,violet,19.934604252297962
onion,smoky,19.93709451449272
aromatic,melon,19.94739386133802
aromatic,meaty,19.96937685236963
hawthorn,pineapple,19.977747868840293
cooked,ketonic,19.984913775046866
cucumber,phenolic,20.010941779242884
hawthorn,pungent,20.072653415783055
medicinal,waxy,20.085258908230816
fishy,powdery,20.104624957456167
aromatic,fishy,20.107553429640394
alliaceous,woody,20.150593218894347
garlic,smoky,20.1523023641419
alliaceous,bitter,20.155824554652856
anisic,meaty,20.16162646306506
alliaceous,phenolic,20.177652363305224
alliaceous,dry,20.17997509120017
floral,savory,20.18952787414891
pear,vanilla,20.20036907570672
raspberry,roasted,20.25083217648367
bitter,garlic,20.252741068132167
burnt,violet,20.256607594709404
cucumber,hawthorn,20.259556155185876
dry,garlic,20.27378252854826
fishy,waxy,20.275096386423233
alliaceous,coumarinic,20.280057635313156
sulfurous,violet,20.293890777581247
apple,phenolic,20.311252737601837
balsamic,fishy,20.31861961165684
medicinal,onion,20.328218604055124
hay,pear,20.335359085688527
coumarinic,garlic,20.338355318477824
garlic,woody,20.38799634628493
cooked,orange,20.388515800849515
savory,vanilla,20.398197130979934
banana,dry,20.39976094441219
orange,smoky,20.41355555000083
garlic,pear,20.421295202790276
cooked,melon,20.457884586336593
citrus,fishy,20.46263422358248
cucumber,leathery,20.46929042438693
cooked,fruity,20.506315073318913
balsamic,savory,20.509038218487294
alliaceous,jasmin,20.5121719092198
balsamic,odorless,20.52035632980835
garlic,medicinal,20.52787727774502
fishy,winey,20.533788905453477
floral,onion,20.535693745199367
anisic,sulfurous,20.542340319069332
banana,garlic,20.547893291437536
aromatic,sulfurous,20.549876745101486
alliaceous,smoky,20.568342610353394
burnt,pear,20.571481167184903
animal,cooked,20.61031665469394
fishy,fresh,20.631420518850607
cinnamon,savory,20.634082662672995
burnt,orris,20.650583538160962
smoky,winey,20.70392333739453
aldehydic,fishy,20.724183140282275
alliaceous,almond,20.750123778633352
cinnamon,odorless,20.769331395216135
cherry,fishy,20.78964431253115
hawthorn,melon,20.804730269587125
cinnamon,fishy,20.818191192421544
fruity,odorless,20.82113267078963
orris,pungent,20.82419222954146
aldehydic,cooked,20.833636594781897
almond,garlic,20.839558355453715
meaty,violet,20.855179763784154
honey,savory,20.87004925265841
geranium,savory,20.883045659670476
anisic,fishy,20.89291640052752
aromatic,pear,20.90322250110404
green,odorless,20.90609267290173
balsamic,onion,20.911305353808793
onion,vanilla,20.93510740029223
orris,roasted,20.94656878824767
alliaceous,medicinal,20.969331916641767
fishy,honey,20.969623730559235
phenolic,pineapple,21.008553158280765
cinnamon,onion,21.0749098741547
raspberry,sulfurous,21.10076781483028
garlic,jasmin,21.107702222274355
melon,phenolic,21.15582504397429
medicinal,orange,21.16137771848094
geranium,onion,21.168769858930165
honey,odorless,21.173887707379386
rose,savory,21.216911798515646
alliaceous,floral,21.223887098271472
fatty,odorless,21.233782402835132
medicinal,winey,21.234212290984654
fishy,floral,21.24996898011419
honey,onion,21.2710943649879
citrus,cooked,21.316574960404555
cooked,pineapple,21.31994672183947
hawthorn,meaty,21.340091507313936
banana,phenolic,21.357656407140237
odorless,oily,21.37285036731838
fishy,hawthorn,21.47306686134907
powdery,savory,21.506492356288213
meaty,raspberry,21.514789759366774
onion,rose,21.516923370948692
hawthorn,pear,21.613811915035072
berry,savory,21.6338854149929
alliaceous,balsamic,21.642122791365587
floral,garlic,21.65244882088166
camphoreous,cooked,21.65418865128933
apple,leathery,21.679684361751857
garlic,vanilla,21.685965078428566
orris,sulfurous,21.69906708619823
alliaceous,vanilla,21.754531440073475
alliaceous,geranium,21.765851377051774
hay,savory,21.84240008812715
fishy,orange,21.875097781965245
alliaceous,cinnamon,21.879247084064318
hawthorn,sulfurous,21.887858661871096
apple,cooked,21.88851293549561
leathery,melon,21.895243171191645
onion,powdery,21.932095718146442
balsamic,garlic,21.939220828024038
fresh,odorless,21.96570293835968
floral,odorless,21.970163546217133
meaty,orris,21.97310619715163
cooked,fresh,22.0004370873104
alliaceous,honey,22.011859388445863
cooked,pear,22.017186621477787
fishy,geranium,22.045215097262723
berry,onion,22.054197476163356
cucumber,smoky,22.097386217453867
alliaceous,rose,22.14422331164459
cucumber,fishy,22.154578562434402
fishy,jasmin,22.18594196062329
odorless,winey,22.18709166083
cooked,sweet,22.19327788164596
garlic,geranium,22.203316128927995
cooked,leathery,22.217273493056155
citrus,odorless,22.21745573534777
cinnamon,garlic,22.220007496375803
cooked,herbal,22.2983048210481
leathery,pineapple,22.32102741782543
garlic,honey,22.34576006932097
hay,onion,22.398427132766198
cherry,savory,22.462280346395765
fishy,rose,22.536170045689463
garlic,rose,22.607179309216964
cooked,tobacco,22.622150481250618
alliaceous,powdery,22.658176702748065
banana,cooked,22.660323298475106
berry,fishy,22.671526285468392
pear,phenolic,22.699668129622193
aldehydic,odorless,22.705952454533737
cooked,dry,22.707579919717027
cooked,spicy,22.738906192774675
fishy,pineapple,22.74359820925233
berry,odorless,22.75550170839156
cucumber,medicinal,22.77003798045766
apple,fishy,22.7860921049313
odorless,waxy,22.791774828702657
garlic,powdery,22.83220452978286
alliaceous,berry,22.860351430720968
banana,leathery,22.87567059303074
apple,smoky,22.912257628925605
cherry,onion,22.994362742812857
cooked,woody,23.020418082885335
cooked,phenolic,23.041820333893796
savory,violet,23.078302719833314
geranium,odorless,23.08702108231598
fishy,melon,23.138733496003972
cooked,smoky,23.181956169807954
garlic,hay,23.226208948961762
alliaceous,hay,23.2583745078973
berry,garlic,23.302752147079563
jasmin,odorless,23.310297031162634
aromatic,savory,23.310766030856833
apple,medicinal,23.35760386649832
onion,violet,23.387991158384278
anisic,savory,23.39635151858886
cooked,jasmin,23.404714370361663
melon,smoky,23.431684848368604
banana,fishy,23.44694048580328
bitter,cooked,23.459819299378605
odorless,rose,23.471815635733442
cooked,coumarinic,23.519457720059524
pineapple,smoky,23.548608376140134
cooked,medicinal,23.582534846405355
leathery,pear,23.759011878223436
aromatic,onion,23.83749308562501
alliaceous,cherry,23.876289199977336
anisic,onion,23.902133299861205
banana,smoky,23.986157988711433
medicinal,pineapple,23.98906423769968
apple,odorless,23.997980701390112
alliaceous,violet,24.02343344623541
cherry,garlic,24.027698196614022
almond,cooked,24.03745334788441
medicinal,melon,24.04593244542675
fishy,violet,24.082605033066542
odorless,pineapple,24.088189675263063
cooked,floral,24.168594657165258
odorless,raspberry,24.195670117448433
raspberry,savory,24.208698511716296
odorless,orange,24.337060850571767
fishy,orris,24.35211755776339
banana,medicinal,24.365331595857555
fishy,raspberry,24.394498883620283
banana,odorless,24.402267946963633
orris,savory,24.417297751680085
garlic,violet,24.47099630180731
cooked,geranium,24.520962878660363
cucumber,odorless,24.575824596687397
onion,raspberry,24.627534263278317
fishy,pear,24.628983440697557
aromatic,garlic,24.656312265200363
alliaceous,aromatic,24.661062448023113
balsamic,cooked,24.6752011808449
odorless,orris,24.67751725968765
hawthorn,savory,24.69574493251405
alliaceous,anisic,24.71872526251898
onion,orris,24.75521865364822
odorless,violet,24.78777386369311
anisic,garlic,24.793355737219215
cooked,vanilla,24.879135999548954
cooked,rose,24.957967434246545
cinnamon,cooked,25.039823289390515
cooked,honey,25.06164822565122
pear,smoky,25.16417941889323
hawthorn,onion,25.228390965958283
melon,odorless,25.332640453138175
alliaceous,orris,25.398581218071026
alliaceous,raspberry,25.407969021972853
cooked,powdery,25.672023351440743
medicinal,pear,25.700970839162967
garlic,orris,25.740171194447612
garlic,raspberry,25.78468363864605
berry,cooked,26.00637587146934
alliaceous,hawthorn,26.06368479381517
garlic,hawthorn,26.067697311944798
cooked,hay,26.455573067335845
odorless,pear,26.464636760717017
cooked,violet,26.84852958643821
cherry,cooked,27.14768796478308
aromatic,cooked,27.80993887240498
anisic,cooked,27.87637459296997
cooked,orris,28.244118985704798
cooked,raspberry,28.518246081636075
cooked,hawthorn,29.232685967480982
